JobTitle,Gender,Age,PerfEval,Education,Dept,Seniority,BasePay,Bonus,CompanyID
Manager,Male,58,1,PhD,Management,4,179726,4284,95
Manager,Male,59,4,PhD,Sales,5,196789,6773,29
IT,Male,65,4,Masters,Sales,5,165229,6506,1286
Manager,Male,55,1,High School,Management,5,163208,4095,421
Manager,Female,60,4,PhD,Management,3,140614,8354,812
Software Engineer,Male,59,1,College,Sales,5,200460,2930,845
Software Engineer,Male,65,4,High School,Management,5,157852,6669,340
Manager,Male,60,4,College,Management,3,157644,7213,770
Manager,Male,62,5,College,Administration,5,157410,7840,43
Software Engineer,Male,64,2,PhD,Sales,5,157277,4844,1273
Manager,Male,48,2,PhD,Engineering,4,197169,5798,630
Software Engineer,Male,59,4,Masters,Engineering,4,155834,7101,80
Manager,Male,47,1,Masters,Engineering,4,155826,4964,148
Software Engineer,Male,60,4,Masters,Sales,5,155676,6586,1267
Manager,Female,62,4,Masters,Sales,4,125203,7808,5
Software Engineer,Male,58,4,Masters,Engineering,5,154039,7304,679
Manager,Male,55,2,College,Management,5,152710,6107,17
Manager,Male,43,1,PhD,Management,4,152625,4702,474
Manager,Male,56,2,PhD,Administration,4,152081,4621,248
Manager,Male,57,3,PhD,Operations,5,190914,5982,618
Manager,Male,62,5,PhD,Engineering,3,150467,8100,490
Manager,Female,45,1,High School,Engineering,5,129893,5120,1003
Manager,Male,56,3,Masters,Engineering,4,149771,5495,1032
Manager,Male,60,4,College,Sales,2,148178,6777,789
Manager,Male,29,4,PhD,Engineering,5,146615,18173,1271
Financial Analyst,Female,47,5,High School,Sales,5,126190,8961,417
Manager,Female,62,4,Masters,Administration,3,106008,6235,884
Software Engineer,Male,60,3,PhD,Management,5,145632,6439,279
Manager,Female,57,1,Masters,Operations,3,145095,3889,590
Manager,Female,45,2,High School,Management,5,104146,6340,624
Manager,Male,48,4,PhD,Sales,4,143887,7622,1239
Manager,Male,57,4,Masters,Administration,4,143189,6321,520
Sales Associate,Female,65,2,PhD,Sales,5,122505,4214,606
Software Engineer,Male,49,5,Masters,Administration,5,242105,9653,868
Financial Analyst,Male,64,1,PhD,Operations,5,141186,3415,1015
Data Scientist,Female,58,1,High School,Sales,5,101005,3384,680
Software Engineer,Male,63,4,High School,Administration,5,140445,7905,1295
Software Engineer,Male,52,4,Masters,Administration,5,139841,7641,142
Software Engineer,Male,56,5,PhD,Administration,5,139760,9229,222
Data Scientist,Female,51,1,PhD,Sales,5,119141,4969,930
Software Engineer,Male,64,2,PhD,Engineering,4,139068,4126,58
Financial Analyst,Female,61,1,Masters,Engineering,4,119042,2982,792
Manager,Male,48,3,College,Management,5,138851,6929,342
Data Scientist,Female,55,2,Masters,Sales,5,118365,5359,689
Software Engineer,Male,62,2,PhD,Engineering,3,138184,4664,931
Manager,Male,30,1,High School,Sales,5,138163,3415,851
Manager,Male,61,2,College,Sales,1,136836,4070,139
Manager,Female,59,2,High School,Management,2,116215,3603,829
Sales Associate,Male,63,2,Masters,Engineering,3,136209,3910,429
Driver,Male,57,4,College,Sales,4,135781,6042,920
Manager,Female,55,1,High School,Administration,3,115638,2824,1279
Graphic Designer,Male,59,1,PhD,Sales,4,135512,3955,1297
Manager,Male,38,2,Masters,Management,3,135106,5066,1070
Manager,Male,57,4,Masters,Operations,3,135073,6898,249
Sales Associate,Male,58,5,High School,Engineering,5,135013,8972,115
Software Engineer,Male,65,5,Masters,Sales,1,134758,7500,811
Software Engineer,Male,63,3,PhD,Engineering,2,134757,5944,1060
Manager,Male,36,2,Masters,Sales,3,134450,5214,1291
Warehouse Associate,Female,58,1,Masters,Management,4,134109,4184,1086
Warehouse Associate,Male,58,5,College,Sales,4,133927,8278,937
Manager,Male,59,3,College,Engineering,3,133910,5795,312
Graphic Designer,Female,57,2,Masters,Sales,5,133741,4925,833
Data Scientist,Female,53,5,Masters,Engineering,5,103495,8552,489
IT,Male,63,5,Masters,Operations,5,133472,8688,594
Graphic Designer,Male,57,4,Masters,Management,4,132873,7266,937
Software Engineer,Male,21,4,PhD,Engineering,5,132823,9625,614
Software Engineer,Male,62,1,High School,Sales,3,132815,3367,1050
Software Engineer,Male,51,2,Masters,Engineering,3,132323,4872,367
IT,Female,44,2,PhD,Operations,5,102267,5679,1139
Manager,Male,60,2,College,Sales,1,131980,3841,552
Sales Associate,Female,61,3,PhD,Management,4,131608,6537,815
IT,Female,44,1,High School,Sales,5,101411,3084,1247
Manager,Male,25,5,College,Engineering,5,131311,11067,1112
IT,Male,58,4,College,Management,5,131275,6997,1284
Software Engineer,Male,36,4,Masters,Engineering,5,130826,9694,331
Driver,Female,58,4,High School,Sales,5,130720,7246,1099
Sales Associate,Female,60,2,PhD,Engineering,5,130417,4694,725
Graphic Designer,Female,65,5,High School,Operations,4,130251,7750,255
Manager,Male,63,5,Masters,Operations,1,130093,6416,986
Driver,Male,53,1,Masters,Engineering,5,130082,4734,903
Manager,Female,53,4,High School,Operations,3,129885,7314,1232
Financial Analyst,Female,63,3,PhD,Engineering,3,129683,5754,567
Sales Associate,Male,62,3,College,Management,3,129620,5608,632
Sales Associate,Female,53,4,Masters,Operations,5,109609,7392,978
Sales Associate,Male,58,5,PhD,Sales,2,129425,7524,1281
Financial Analyst,Female,48,4,Masters,Management,5,129406,7280,772
Data Scientist,Female,45,3,Masters,Sales,5,129226,6912,21
Driver,Female,61,5,,,4,129132,8472,359
Marketing Associate,Female,64,5,PhD,Sales,5,108970,7346,935
Data Scientist,Male,65,2,Masters,Sales,2,128730,3247,1229
Software Engineer,Male,32,1,College,Engineering,5,128680,4677,508
Warehouse Associate,Male,53,3,PhD,Engineering,5,128669,6866,948
Driver,Male,63,3,PhD,Management,4,128520,6151,411
Sales Associate,Male,63,5,PhD,Operations,4,128173,8360,769
IT,Male,55,5,College,Management,5,127769,8802,18
Graphic Designer,Female,63,3,College,Management,5,127608,6558,647
Sales Associate,Female,63,4,PhD,Engineering,3,127561,7552,80
Software Engineer,Male,60,1,PhD,Administration,4,127250,4263,244
Data Scientist,Female,38,5,Masters,Administration,5,107156,9979,1261
Warehouse Associate,Female,53,5,College,Engineering,5,127085,9687,1153
IT,Female,43,5,PhD,Administration,5,127062,9619,1078
Manager,Male,59,4,College,Engineering,2,127013,6124,853
IT,Male,53,5,PhD,Management,5,126828,9310,51
Financial Analyst,Female,49,4,Masters,Sales,4,106626,7144,342
Warehouse Associate,Male,61,3,PhD,Engineering,4,126375,6630,94
IT,Female,62,3,College,Sales,4,126370,6032,1155
Financial Analyst,Male,58,4,College,Operations,4,126269,6490,1240
Warehouse Associate,Male,53,1,College,Operations,4,126256,3463,662
Software Engineer,Male,47,2,Masters,Operations,4,126239,5396,9
Graphic Designer,Male,49,3,Masters,Operations,5,126100,6336,629
Data Scientist,Female,56,1,College,Engineering,5,105828,3961,1024
Graphic Designer,Female,59,4,PhD,Management,4,125770,8013,853
Data Scientist,Female,49,3,College,Engineering,4,125770,7301,1226
Warehouse Associate,Female,42,1,PhD,Operations,5,125574,5688,238
Software Engineer,Male,54,5,PhD,Administration,4,125572,8245,736
Manager,Male,42,3,College,Sales,4,125339,6019,1298
Manager,Male,30,1,PhD,Engineering,4,125164,5888,1028
Manager,Male,40,2,College,Administration,2,124891,5436,1007
Software Engineer,Male,63,5,College,Operations,2,124871,7327,1033
IT,Female,58,2,High School,Sales,4,124847,3100,1284
Software Engineer,Male,59,4,High School,Operations,4,124817,7268,311
Manager,Male,59,2,PhD,Administration,1,124782,4618,662
Software Engineer,Male,62,1,High School,Sales,3,124660,2200,15
Driver,Female,65,1,PhD,Operations,3,124530,3647,94
Sales Associate,Male,50,2,Masters,Engineering,5,124470,5454,872
Data Scientist,Male,58,1,PhD,Engineering,5,124166,3875,1115
Financial Analyst,Male,64,3,High School,Administration,3,124151,3392,652
Manager,Male,45,5,High School,Engineering,3,123422,8894,145
Graphic Designer,Male,65,4,College,Management,4,123371,6931,935
Data Scientist,Male,62,1,PhD,Administration,3,123333,1353,662
Marketing Associate,Female,62,3,PhD,Operations,5,123242,5453,435
Data Scientist,Female,55,3,Masters,Administration,4,123172,5797,673
Manager,Male,41,1,College,Administration,5,123153,4111,1063
Manager,Male,53,4,College,Management,1,123114,6946,691
Financial Analyst,Male,60,1,PhD,Sales,2,123108,2244,656
Software Engineer,Male,65,3,High School,Sales,2,122624,4165,735
Data Scientist,Male,61,1,Masters,Administration,5,122352,3590,529
Financial Analyst,Female,45,2,Masters,Administration,5,102142,5435,714
Data Scientist,Male,45,3,PhD,Administration,5,122037,8147,980
Manager,Male,43,3,PhD,Management,2,121949,6739,27
Software Engineer,Male,55,2,PhD,Management,3,121910,4494,353
Software Engineer,Male,42,3,Masters,Engineering,5,121821,6499,928
Financial Analyst,Male,60,5,High School,Engineering,4,121728,7932,1049
Manager,Male,21,2,College,Administration,5,121682,7189,869
Sales Associate,Male,64,3,PhD,Sales,2,121589,5133,450
Manager,Male,53,4,College,Sales,2,121506,6122,646
Data Scientist,Female,58,1,PhD,Management,4,121457,4723,650
Warehouse Associate,Female,51,4,High School,Management,5,121376,7832,597
Data Scientist,Female,65,1,PhD,Operations,2,121239,3078,470
IT,Female,65,5,Masters,Administration,4,121210,7949,1161
Manager,Male,37,3,Masters,Management,1,121151,5934,1086
Graphic Designer,Female,49,3,PhD,Engineering,4,120697,7205,397
Software Engineer,Male,64,5,College,Sales,4,120593,7573,1195
Sales Associate,Male,64,2,High School,Management,3,120579,4687,897
Manager,Male,55,1,High School,Administration,1,120574,2683,777
Graphic Designer,Female,39,4,PhD,Operations,5,120294,8090,901
Warehouse Associate,Female,61,1,Masters,Management,3,120277,4617,661
Driver,Male,59,3,College,Operations,3,120159,4265,889
Software Engineer,Male,58,5,High School,Management,3,120156,7200,534
Financial Analyst,Male,58,4,College,Management,4,120154,6751,566
Driver,Female,42,1,Masters,Sales,5,120112,5070,1165
Software Engineer,Male,40,2,Masters,Sales,1,120096,4690,362
Financial Analyst,Female,36,4,High School,Administration,5,119931,8400,1197
Manager,Female,42,1,High School,Management,2,119893,3721,986
Manager,Male,41,1,Masters,Sales,2,119794,3712,1147
Software Engineer,Male,50,3,PhD,Sales,1,119522,4650,967
Financial Analyst,Male,44,5,Masters,Administration,4,119381,9345,1202
Manager,Male,19,4,PhD,Sales,5,119162,9395,670
Software Engineer,Male,62,1,High School,Management,3,119069,2788,1137
Financial Analyst,Female,48,1,College,Engineering,5,119058,4037,427
Manager,Female,25,1,Masters,Management,5,119033,6381,1028
Software Engineer,Male,25,5,Masters,Sales,5,119024,11293,163
Sales Associate,Male,58,4,PhD,Administration,3,118888,7438,1260
Graphic Designer,Female,55,3,College,Sales,5,118762,6545,940
Sales Associate,Male,28,3,Masters,Administration,5,118653,7036,1188
Driver,Male,49,4,Masters,Administration,5,118629,6740,978
Warehouse Associate,Male,54,2,Masters,Engineering,4,118322,5224,204
IT,Male,62,3,Masters,Engineering,4,118314,4892,859
Software Engineer,Male,51,1,College,Management,2,118282,3599,41
Software Engineer,Male,64,5,High School,Sales,2,118231,7440,126
Driver,Male,54,3,PhD,Sales,2,118093,4115,948
Manager,Male,32,3,Masters,Management,5,118088,7721,33
Manager,Male,62,4,PhD,Engineering,1,117648,4765,461
Manager,Male,32,3,High School,Operations,4,117629,6291,283
Financial Analyst,Female,43,5,PhD,Management,3,117554,8369,338
Data Scientist,Male,41,1,High School,Management,5,117215,4322,428
Sales Associate,Female,57,2,High School,Management,4,117202,5068,938
Software Engineer,Female,57,1,College,Engineering,3,117131,2324,170
Financial Analyst,Male,39,3,Masters,Engineering,4,116875,5479,249
Marketing Associate,Male,40,2,PhD,Sales,5,116834,5516,1223
Driver,Male,65,1,High School,Operations,5,116803,3431,730
Warehouse Associate,Male,64,4,High School,Operations,3,116774,6160,379
Financial Analyst,Female,46,4,College,Administration,4,116758,7744,645
Graphic Designer,Male,65,5,Masters,Operations,5,116751,8505,94
Sales Associate,Female,47,1,PhD,Engineering,4,116642,4621,323
Financial Analyst,Female,43,3,College,Sales,5,116069,6432,91
Driver,Female,63,1,Masters,Management,4,115981,2661,1173
Manager,Male,36,1,High School,Operations,2,115742,3661,253
Data Scientist,Female,63,2,High School,Administration,5,115641,4339,792
Financial Analyst,Male,50,2,Masters,Operations,3,115613,3881,195
Manager,Male,37,1,PhD,Administration,3,115604,4098,812
Manager,Male,18,1,Masters,Management,5,115567,4775,866
Manager,Female,32,2,PhD,Management,2,115383,5878,1276
Graphic Designer,Female,59,2,College,Engineering,4,85344,4827,485
Sales Associate,Male,30,4,Masters,Sales,5,115165,8841,472
Manager,Male,52,2,High School,Operations,2,114943,3438,1266
Marketing Associate,Female,60,1,College,Management,4,114906,4766,388
Warehouse Associate,Female,22,1,PhD,Operations,5,84733,6290,919
Data Scientist,Male,44,3,Masters,Management,3,114693,6832,435
Graphic Designer,Male,27,4,College,Sales,5,114680,8472,1071
Manager,Male,21,1,College,Management,2,114621,3927,1153
Warehouse Associate,Female,34,2,PhD,Management,5,114479,6700,142
Driver,Female,61,2,College,Administration,4,114436,4249,337
Financial Analyst,Male,38,4,College,Management,5,114421,7444,1028
Financial Analyst,Female,54,2,College,Sales,2,114171,3768,942
Data Scientist,Female,57,1,PhD,Operations,2,114141,3746,1050
Graphic Designer,Male,56,2,Masters,Management,4,114048,5097,1246
Financial Analyst,Female,48,1,College,Administration,4,114031,4510,528
Software Engineer,Male,42,2,College,Administration,3,114029,6842,719
Financial Analyst,Female,30,4,Masters,Administration,5,114007,9248,1239
Financial Analyst,Male,51,4,PhD,Operations,4,113730,6578,570
Financial Analyst,Female,42,5,College,Engineering,5,113640,8762,661
Sales Associate,Male,48,3,Masters,Engineering,5,113544,6839,849
Graphic Designer,Female,48,1,High School,Operations,5,113465,3846,544
IT,Female,45,2,PhD,Sales,4,113283,5404,303
Data Scientist,Female,57,3,Masters,Operations,3,113274,6186,290
Data Scientist,Female,45,5,PhD,Management,5,93252,10139,1285
Financial Analyst,Female,43,5,High School,Sales,5,113180,9089,1030
Driver,Female,60,2,PhD,Sales,3,113140,4079,972
Software Engineer,Male,30,2,Masters,Engineering,5,113122,6060,1213
Sales Associate,Male,57,1,PhD,Administration,5,113031,3409,202
Manager,Female,41,3,PhD,Management,1,113009,6812,1263
Graphic Designer,Female,33,5,High School,Engineering,5,112976,9836,189
Financial Analyst,Male,53,5,Masters,Administration,3,112941,7404,1137
Manager,Male,20,2,PhD,Operations,4,112854,6564,515
Driver,Male,64,2,Masters,Operations,2,112719,3382,359
Sales Associate,Male,60,1,College,Operations,3,112604,3366,1012
Marketing Associate,Female,54,3,PhD,Engineering,5,112507,7460,626
IT,Female,54,1,High School,Engineering,5,112502,3988,1003
Software Engineer,Female,28,3,College,Engineering,5,112491,8727,233
Marketing Associate,Female,53,1,Masters,Management,4,112489,4237,952
Software Engineer,Male,40,5,PhD,Management,4,112466,9493,930
IT,Female,38,5,College,Administration,5,112392,10504,1115
Sales Associate,Male,55,4,College,Administration,3,112188,6689,935
IT,Female,53,1,High School,Administration,2,112169,2763,401
Software Engineer,Male,36,4,PhD,Management,3,112134,8587,1053
Software Engineer,Male,64,5,High School,Operations,2,111903,6824,409
Manager,Male,60,3,High School,Management,2,111896,5597,740
IT,Female,26,1,PhD,Sales,5,111770,5345,787
Driver,Male,42,3,PhD,Operations,4,111726,5989,1088
Graphic Designer,Female,55,2,College,Administration,3,111502,4413,565
Financial Analyst,Male,65,4,Masters,Sales,1,111403,5078,845
Warehouse Associate,Female,48,5,College,Management,5,111342,10122,622
IT,Female,62,4,College,Management,3,111120,6536,1111
Driver,Male,53,3,PhD,Administration,3,111043,5838,694
Graphic Designer,Female,38,1,High School,Administration,4,111041,3727,440
Financial Analyst,Male,29,5,Masters,Engineering,5,111019,10042,379
Software Engineer,Male,35,2,Masters,Management,3,110886,6228,507
Sales Associate,Male,51,3,PhD,Operations,4,110746,5947,739
Data Scientist,Male,51,5,PhD,Operations,4,110731,8643,490
Manager,Male,31,3,PhD,Engineering,2,110643,7291,923
Marketing Associate,Male,42,2,Masters,Management,5,110636,5239,646
IT,Female,59,1,College,Sales,3,110627,2041,562
Manager,Male,23,3,College,Sales,3,110594,6753,1207
Driver,Male,58,2,College,Sales,4,110157,4275,487
Manager,Male,52,1,High School,Management,1,110078,1703,330
Driver,Male,54,5,PhD,Administration,4,110049,8928,181
Marketing Associate,Female,58,3,Masters,Operations,5,109931,5878,884
IT,Male,36,1,High School,Sales,4,109832,3528,1028
IT,Male,57,3,High School,Sales,3,109645,5472,846
Software Engineer,Male,59,5,Masters,Engineering,1,109623,6897,385
Software Engineer,Male,64,1,Masters,Sales,1,109606,2193,1110
Warehouse Associate,Male,49,5,High School,Sales,4,109419,8375,1136
Financial Analyst,Female,30,5,High School,Engineering,5,109369,10052,981
Manager,Male,48,4,College,Management,1,109346,7730,1279
IT,Male,40,4,College,Administration,5,109345,7791,115
Software Engineer,Male,36,1,High School,Operations,5,109136,4572,28
Data Scientist,Male,57,1,Masters,Sales,2,108977,3567,552
Warehouse Associate,Female,50,4,Masters,Engineering,5,108922,8477,1185
Graphic Designer,Female,58,4,PhD,Sales,3,108820,7776,1193
Data Scientist,Male,62,3,PhD,Sales,3,108778,4357,1224
Graphic Designer,Female,47,1,High School,Operations,5,108731,4793,1135
Financial Analyst,Male,43,1,PhD,Sales,4,108719,4143,349
Marketing Associate,Female,41,1,PhD,Management,5,108587,4275,407
IT,Female,49,5,College,Management,3,108495,8668,960
Software Engineer,Male,21,5,College,Management,5,108476,11128,103
Driver,Female,61,2,College,Management,4,108475,4489,739
Warehouse Associate,Male,36,5,PhD,Engineering,5,108446,9210,154
Data Scientist,Female,55,3,PhD,Administration,1,108366,5108,527
Data Scientist,Female,58,2,PhD,Engineering,2,108296,4708,1190
Sales Associate,Female,34,3,High School,Sales,4,108288,7491,754
Graphic Designer,Female,51,5,College,Operations,3,108241,8602,1256
Software Engineer,Male,20,5,Masters,Sales,4,108080,10154,895
Manager,Male,46,4,Masters,Sales,1,107859,6989,297
Graphic Designer,Male,44,1,Masters,Engineering,5,107818,5281,731
Data Scientist,Male,43,1,PhD,Administration,4,107640,3896,255
Marketing Associate,Female,64,1,College,Administration,5,107572,3107,1239
Warehouse Associate,Male,65,1,High School,Operations,2,107479,2051,401
Data Scientist,Female,46,3,College,Administration,3,107476,6182,97
Marketing Associate,Female,56,2,High School,Operations,5,77370,4916,130
Software Engineer,Male,56,5,College,Operations,3,107366,7774,824
Manager,Male,20,4,College,Sales,2,107140,8199,826
Graphic Designer,Male,53,2,High School,Operations,4,107065,3652,616
Driver,Female,61,2,PhD,Engineering,2,107064,4202,1302
Graphic Designer,Female,22,2,Masters,Operations,4,107025,6577,826
Warehouse Associate,Female,45,1,High School,Administration,5,106963,5084,148
IT,Female,65,1,Masters,Administration,1,106945,2041,1164
Data Scientist,Male,57,1,Masters,Sales,3,106918,3180,505
Manager,Female,47,1,High School,Management,3,106916,3959,552
Software Engineer,Male,39,4,High School,Sales,4,106896,7918,566
Graphic Designer,Male,47,3,College,Administration,5,106893,7958,181
Graphic Designer,Male,49,5,College,Management,4,106887,8347,80
Graphic Designer,Male,39,2,Masters,Operations,5,106883,5831,459
Sales Associate,Male,60,3,High School,Administration,3,106798,5201,420
Driver,Female,42,4,Masters,Management,4,106788,8974,222
Warehouse Associate,Female,56,1,College,Administration,4,106722,4044,520
IT,Male,33,2,Masters,Engineering,5,106584,5426,602
Manager,Female,34,3,Masters,Management,2,106560,7257,209
Sales Associate,Female,35,5,College,Engineering,5,106524,9941,1125
Software Engineer,Male,31,1,College,Operations,4,106503,5225,1122
Warehouse Associate,Female,51,5,High School,Sales,3,106478,8744,848
Data Scientist,Female,43,2,PhD,Sales,3,106452,5346,1174
Marketing Associate,Female,65,3,Masters,Administration,5,106315,5618,896
Sales Associate,Female,50,1,Masters,Sales,3,106279,3892,1297
Warehouse Associate,Male,61,3,High School,Management,3,106233,5792,1041
Graphic Designer,Female,63,2,College,Operations,4,106204,4534,986
Financial Analyst,Male,26,5,College,Engineering,4,106194,9421,1130
Warehouse Associate,Female,63,5,High School,Sales,2,106158,7654,1126
Software Engineer,Male,53,3,High School,Management,3,106146,6618,752
Manager,Male,48,3,PhD,Operations,1,106056,4161,426
Software Engineer,Male,60,1,High School,Administration,3,106045,3079,290
Graphic Designer,Male,63,5,PhD,Engineering,1,105800,7822,684
Manager,Male,28,3,College,Sales,2,105795,6179,525
IT,Male,62,1,PhD,Management,2,105771,2978,1287
Graphic Designer,Male,61,4,Masters,Engineering,2,105632,6394,989
Financial Analyst,Male,20,2,PhD,Engineering,4,105601,5943,600
IT,Female,28,1,PhD,Sales,5,105598,5380,346
Sales Associate,Female,47,3,College,Administration,4,105410,6363,711
Financial Analyst,Male,58,4,Masters,Operations,3,104744,6425,284
Driver,Male,49,4,College,Sales,5,104657,6839,40
Software Engineer,Female,57,2,High School,Engineering,1,104623,3791,750
IT,Female,60,3,Masters,Management,2,104589,4536,706
Manager,Male,52,5,High School,Operations,2,104526,7253,867
Driver,Female,63,3,High School,Sales,1,104468,4466,464
Financial Analyst,Male,26,4,College,Operations,4,104435,7802,1299
IT,Male,55,5,College,Sales,3,104361,7813,950
Marketing Associate,Female,49,4,PhD,Operations,5,104355,7555,304
Manager,Female,28,1,High School,Engineering,4,104329,4962,490
Data Scientist,Male,41,3,Masters,Administration,4,104314,6611,119
Data Scientist,Male,45,1,Masters,Operations,3,104290,3474,179
Warehouse Associate,Male,34,5,PhD,Engineering,4,104271,10177,1128
Manager,Female,24,3,PhD,Sales,3,104202,8456,244
Graphic Designer,Female,37,2,Masters,Management,3,104082,5477,13
Software Engineer,Male,42,2,College,Management,1,103978,5146,245
Data Scientist,Male,32,3,PhD,Sales,4,103908,8109,735
Software Engineer,Female,28,3,PhD,Engineering,4,103763,8383,46
Manager,Male,23,4,Masters,Sales,3,103479,7850,808
IT,Female,47,2,PhD,Administration,3,103416,5536,1125
Marketing Associate,Female,39,5,College,Sales,5,103384,9168,393
Driver,Male,55,2,College,Administration,2,103328,4543,1058
Driver,Female,55,2,High School,Engineering,3,103242,4495,1251
Software Engineer,Male,25,1,High School,Engineering,4,103181,4566,83
Manager,Male,22,1,College,Management,2,103156,6277,62
Graphic Designer,Female,48,4,College,Administration,4,103133,7793,1229
Manager,Male,21,4,High School,Engineering,3,103107,9036,803
Sales Associate,Male,35,5,Masters,Management,5,103007,10512,539
Driver,Male,38,5,PhD,Engineering,4,102966,8978,941
Data Scientist,Male,53,5,High School,Management,2,102910,8335,135
Warehouse Associate,Male,40,5,Masters,Sales,4,102815,9090,401
Sales Associate,Female,34,1,High School,Management,5,102745,6303,319
Graphic Designer,Male,46,5,High School,Engineering,4,102736,9736,508
Financial Analyst,Male,49,5,High School,Engineering,4,102716,8290,141
Software Engineer,Male,65,4,High School,Engineering,1,102597,5937,824
Sales Associate,Male,62,1,Masters,Administration,2,102593,1823,586
Sales Associate,Male,61,5,PhD,Management,1,102473,8468,979
Data Scientist,Female,53,2,PhD,Operations,2,102265,4760,177
Graphic Designer,Male,24,5,PhD,Engineering,5,102261,10212,690
IT,Female,46,5,PhD,Sales,3,102247,8307,1282
Marketing Associate,Female,49,4,College,Sales,4,102201,7640,786
IT,Female,22,5,High School,Sales,4,102120,10215,984
Graphic Designer,Male,44,4,High School,Sales,4,102108,8339,370
Warehouse Associate,Female,62,2,PhD,Engineering,2,102106,5195,494
IT,Female,56,3,Masters,Management,2,101791,6083,1188
Driver,Male,63,4,High School,Sales,2,101716,5881,708
Financial Analyst,Female,23,2,,Administration,5,101534,6861,818
Financial Analyst,Female,62,1,High School,Operations,3,101515,2251,468
Sales Associate,Female,57,1,Masters,Operations,3,101423,3641,1022
Data Scientist,Male,62,3,High School,Operations,2,101284,4993,48
Graphic Designer,Male,45,2,Masters,Management,2,101273,3817,152
Software Engineer,Male,43,4,PhD,Management,5,101262,7794,302
Driver,Female,56,4,PhD,Sales,3,101249,7329,309
Data Scientist,Male,38,5,College,Administration,5,101173,9255,1082
Warehouse Associate,Female,31,4,PhD,Operations,5,101154,10324,540
Sales Associate,Male,49,2,Masters,Operations,2,101140,4851,1232
Sales Associate,Male,53,2,Masters,Management,5,101133,4700,1113
IT,Male,50,2,Masters,Management,3,101050,3879,1129
Driver,Male,53,3,PhD,Sales,2,100941,5992,479
Driver,Male,56,5,Masters,Sales,5,100859,8388,667
Manager,Male,37,2,PhD,Operations,1,100819,5390,1114
Financial Analyst,Male,56,4,High School,Engineering,3,100769,6453,440
Graphic Designer,Female,26,2,Masters,Administration,5,100516,6737,503
Data Scientist,Female,40,1,Masters,Management,5,100505,4626,702
Warehouse Associate,Male,33,1,College,Engineering,5,100465,5520,1224
Sales Associate,Male,33,3,Masters,Operations,5,100463,6332,1098
Driver,Female,55,3,PhD,Operations,2,100433,5090,971
Graphic Designer,Female,44,4,High School,Administration,4,100416,7513,798
Marketing Associate,Female,40,1,Masters,Engineering,4,100415,3871,1191
Marketing Associate,Female,64,4,College,Sales,5,100316,6010,922
Software Engineer,Male,19,5,Masters,Administration,4,100305,9618,882
Driver,Male,39,5,High School,Engineering,4,100183,8832,718
Manager,Male,20,2,Masters,Operations,3,100183,6363,43
Graphic Designer,Male,54,3,High School,Management,3,100160,5562,252
Data Scientist,Female,48,5,Masters,Management,1,100115,7679,1178
Sales Associate,Male,44,5,Masters,Administration,2,100091,9185,1063
Financial Analyst,Female,52,5,High School,Engineering,2,100070,7169,1218
IT,Female,41,5,High School,Operations,3,100014,8621,100
Graphic Designer,Female,34,1,College,Management,4,99942,5352,611
Financial Analyst,Male,39,1,College,Engineering,4,99643,3789,655
Warehouse Associate,Female,24,5,College,Administration,5,99545,9949,441
Graphic Designer,Male,20,2,Masters,Engineering,5,99543,6111,811
Marketing Associate,Female,56,2,Masters,Sales,4,99543,4442,997
IT,Female,47,1,PhD,Operations,3,99472,3943,133
Graphic Designer,Male,26,5,Masters,Engineering,5,99464,9319,762
IT,Female,62,4,College,Operations,2,99369,6746,46
Financial Analyst,Male,27,2,PhD,Administration,4,99134,6255,727
IT,Male,59,3,Masters,Sales,2,98995,4596,88
Data Scientist,Male,35,2,College,Operations,5,98959,6572,823
Financial Analyst,Male,35,4,PhD,Operations,5,98900,7960,1087
Marketing Associate,Female,59,1,High School,Operations,3,98796,3042,573
Marketing Associate,Female,65,3,High School,Engineering,3,98575,5410,807
Financial Analyst,Male,45,4,Masters,Management,2,98535,8001,337
Financial Analyst,Male,41,5,Masters,Engineering,3,98531,6855,604
Manager,Female,32,5,PhD,Operations,1,98519,8943,827
IT,Male,43,5,College,Operations,4,98515,9090,742
Financial Analyst,Female,58,3,PhD,Engineering,1,98512,4548,176
Sales Associate,Male,51,3,High School,Management,2,98499,6274,433
IT,Female,46,4,High School,Operations,3,98456,7177,1014
IT,Male,35,1,College,Management,4,98423,3879,367
Data Scientist,Female,41,2,PhD,Engineering,2,98366,6398,651
Sales Associate,Female,57,5,Masters,Operations,3,98321,8980,1181
Software Engineer,Male,40,2,High School,Management,2,98281,5646,641
Data Scientist,Male,56,3,Masters,Engineering,3,98165,5470,387
IT,Male,64,5,PhD,Management,2,98100,7460,904
Data Scientist,Female,37,4,Masters,Engineering,2,98010,8210,395
Data Scientist,Female,37,2,College,Sales,5,97846,7198,96
Financial Analyst,Female,63,4,Masters,Operations,1,97797,5239,48
Driver,Female,51,1,PhD,Management,2,97789,3536,375
Graphic Designer,Female,35,2,High School,Engineering,5,97768,7233,811
Marketing Associate,Female,52,1,PhD,Sales,3,97696,3888,1055
Data Scientist,Male,28,4,Masters,Administration,5,97625,7985,475
Software Engineer,Male,18,4,PhD,Engineering,5,97523,10240,245
Driver,Male,40,5,College,Management,2,97414,8833,665
Marketing Associate,Female,35,5,PhD,Engineering,5,97376,9564,914
Financial Analyst,Male,65,2,High School,Administration,1,97376,2225,1185
Financial Analyst,Male,18,5,PhD,Engineering,4,97328,9874,1152
Data Scientist,Male,54,1,College,Sales,2,97311,3083,756
Graphic Designer,Male,60,4,Masters,Engineering,1,97240,5412,4
Data Scientist,Female,61,5,Masters,Management,2,97000,7757,405
IT,Female,54,2,Masters,Administration,3,96982,4750,210
Sales Associate,Female,61,2,College,Sales,1,96900,4157,489
Financial Analyst,Male,64,5,High School,Operations,3,96777,7736,374
Financial Analyst,Female,65,1,High School,Administration,2,96665,2645,162
Graphic Designer,Male,58,2,Masters,Operations,1,96609,3044,1162
Data Scientist,Female,27,1,High School,Administration,5,96584,5293,634
Data Scientist,Male,59,4,Masters,Sales,1,96582,6350,333
Marketing Associate,Female,49,5,High School,Sales,2,96500,8092,83
Data Scientist,Male,29,5,PhD,Administration,5,96355,9784,733
Graphic Designer,Female,49,1,High School,Administration,4,96232,3697,455
Marketing Associate,Female,34,5,High School,Sales,5,96061,9093,56
Graphic Designer,Female,22,4,Masters,Administration,4,96045,9129,1216
Software Engineer,Male,27,5,PhD,Management,4,96040,10050,1099
Sales Associate,Male,51,2,High School,Engineering,1,96023,4148,109
Marketing Associate,Female,56,2,High School,Sales,3,95995,4045,878
IT,Male,28,4,High School,Administration,5,95964,9147,725
Driver,Male,55,2,Masters,Operations,3,95898,4309,578
Data Scientist,Male,56,1,Masters,Administration,2,95798,2530,193
Driver,Male,41,2,Masters,Administration,4,95795,4898,1138
Financial Analyst,Female,63,3,College,Sales,2,95795,5723,938
Software Engineer,Male,23,2,Masters,Engineering,3,95754,6596,883
Marketing Associate,Female,64,5,PhD,Sales,2,95687,7279,854
Warehouse Associate,Female,35,5,PhD,Operations,4,95584,9745,394
Sales Associate,Male,46,2,College,Management,2,95505,4549,1007
Graphic Designer,Female,49,4,PhD,Engineering,2,95169,7415,1261
Warehouse Associate,Female,47,4,College,Administration,2,94973,7885,684
Warehouse Associate,Male,49,3,PhD,Operations,4,94927,6274,1254
Marketing Associate,Female,52,3,High School,Sales,3,94763,5668,1276
Software Engineer,Male,36,2,Masters,Administration,2,94745,5930,1282
Financial Analyst,Female,50,3,PhD,Operations,2,94590,5327,1288
Sales Associate,Male,19,3,PhD,Management,4,94492,8209,337
IT,Female,43,3,Masters,Management,4,94354,7052,1229
Sales Associate,Female,52,1,High School,Sales,3,94154,3964,901
Software Engineer,Male,36,1,Masters,Operations,1,93855,4099,1308
Marketing Associate,Female,50,3,Masters,Sales,5,93805,6044,525
IT,Male,52,2,College,Administration,5,93802,5404,1136
Data Scientist,Male,62,4,College,Operations,3,93742,6580,134
Financial Analyst,Female,53,3,High School,Management,1,93696,5029,1222
Warehouse Associate,Female,57,5,High School,Engineering,3,93470,8578,525
Warehouse Associate,Female,59,2,College,Management,2,93441,5499,508
IT,Male,31,1,Masters,Sales,2,93358,3223,422
IT,Male,39,3,High School,Engineering,4,93335,5243,71
Data Scientist,Male,49,3,College,Administration,3,93320,7236,762
Warehouse Associate,Female,38,3,,Administration,5,93306,8265,409
Sales Associate,Female,62,5,College,Operations,2,93268,7657,1228
Graphic Designer,Male,53,5,High School,Operations,2,93073,8188,919
Financial Analyst,Male,36,3,PhD,Operations,1,93067,5103,1196
Marketing Associate,Male,47,2,PhD,Sales,3,93054,4243,521
Marketing Associate,Female,59,1,Masters,Sales,3,93018,2730,40
IT,Male,64,1,Masters,Sales,1,92950,2125,255
Software Engineer,Male,31,5,High School,Operations,3,92928,9094,1065
Financial Analyst,Female,49,2,College,Operations,1,92891,3578,1017
Marketing Associate,Male,49,3,High School,Administration,4,92797,5405,983
Driver,Male,35,2,High School,Administration,5,92760,4826,983
Warehouse Associate,Female,37,3,High School,Engineering,5,92722,8010,458
Driver,Male,25,3,PhD,Engineering,5,92687,7634,1261
Financial Analyst,Female,36,5,Masters,Administration,3,92622,8509,571
Warehouse Associate,Male,23,1,High School,Administration,4,92516,5866,1274
Sales Associate,Male,54,1,College,Administration,3,92468,3242,86
Driver,Female,21,2,College,Engineering,5,92458,6966,820
Warehouse Associate,Female,25,4,Masters,Operations,4,92358,9611,15
Financial Analyst,Male,48,1,High School,Operations,1,92347,2724,969
Software Engineer,Male,20,2,PhD,Engineering,4,92289,6643,81
Sales Associate,Female,40,4,Masters,Operations,5,92276,9551,979
IT,Female,59,1,PhD,Engineering,3,92257,3908,528
Software Engineer,Male,39,4,PhD,Management,1,92154,7642,45
Software Engineer,Male,29,3,Masters,Operations,2,92099,7246,956
Warehouse Associate,Female,41,3,College,Engineering,3,92080,6897,112
Data Scientist,Female,30,5,College,Engineering,5,92067,9838,115
Financial Analyst,Female,21,4,Masters,Operations,4,91978,8647,419
Financial Analyst,Male,47,5,College,Operations,3,91905,7614,957
Marketing Associate,Female,36,4,High School,Operations,5,91713,7627,758
Data Scientist,Female,39,3,Masters,Operations,3,91711,6775,458
Software Engineer,Male,21,5,High School,Management,4,91674,9780,1287
Warehouse Associate,Female,22,2,High School,Sales,5,91568,7139,454
Sales Associate,Female,30,3,High School,Administration,4,91566,6996,571
Graphic Designer,Male,23,1,PhD,Management,5,91504,5136,985
IT,Male,55,2,Masters,Operations,1,91447,3196,692
Sales Associate,Male,49,2,High School,Operations,3,91342,4516,860
Marketing Associate,Female,44,1,High School,Engineering,3,91300,3680,195
Driver,Female,50,3,College,Operations,2,71160,5863,461
Financial Analyst,Female,41,2,PhD,Operations,3,91129,4825,1299
Data Scientist,Female,39,4,PhD,Management,3,91099,8306,957
IT,Male,34,3,College,Sales,4,91066,6257,673
Driver,Female,24,4,High School,Administration,5,91049,10375,665
Graphic Designer,Female,61,1,Masters,Engineering,1,91030,3318,756
Financial Analyst,Female,54,1,Masters,Operations,2,90999,2963,956
Sales Associate,Male,18,4,Masters,Operations,5,90780,9353,1156
Manager,Male,22,2,Masters,Operations,4,90736,6219,925
Data Scientist,Female,57,4,PhD,Sales,1,90713,6552,90
Manager,Male,23,4,PhD,Administration,1,90685,8816,155
Warehouse Associate,Male,50,3,Masters,Administration,1,90612,5913,829
IT,Male,27,3,PhD,Operations,3,90542,7554,1058
Data Scientist,Male,26,1,Masters,Operations,3,90526,4191,1154
Manager,Male,33,4,Masters,Sales,1,90482,7094,217
Graphic Designer,Female,44,1,College,Sales,3,90474,3530,319
Sales Associate,Female,19,1,College,Management,4,90426,5020,910
Sales Associate,Male,21,5,High School,Engineering,5,90386,9461,88
Driver,Male,32,4,PhD,Engineering,4,90368,8215,74
Driver,Male,34,4,College,Administration,5,90330,7022,666
Financial Analyst,Male,35,4,College,Administration,4,90307,7663,294
Warehouse Associate,Female,19,4,PhD,Administration,5,90208,9268,808
IT,Male,52,5,Masters,Engineering,1,90024,7350,345
Warehouse Associate,Female,42,3,Masters,Engineering,1,90005,6631,979
Financial Analyst,Male,59,5,PhD,Management,1,90002,8123,461
Warehouse Associate,Male,42,2,PhD,Operations,3,90000,4774,809
Marketing Associate,Female,29,4,Masters,Administration,5,89822,8818,927
Software Engineer,Male,45,4,Masters,Operations,2,89811,6471,1145
Driver,Male,27,3,College,Engineering,5,89678,7778,569
Manager,Male,21,2,PhD,Operations,3,89648,6573,476
Sales Associate,Female,28,3,PhD,Sales,3,89570,7411,418
Financial Analyst,Male,29,4,High School,Management,4,89559,8338,298
Software Engineer,Male,18,4,Masters,Operations,4,89474,9104,693
Data Scientist,Female,33,5,Masters,Sales,2,69415,9654,505
Graphic Designer,Female,37,4,College,Engineering,4,89411,9522,795
IT,Male,51,1,High School,Engineering,3,89272,2600,1061
Software Engineer,Male,53,4,High School,Operations,1,89225,5751,1026
Driver,Female,21,1,PhD,Management,4,69170,6722,755
Warehouse Associate,Female,41,4,Masters,Engineering,3,68994,8873,1165
Marketing Associate,Female,56,2,High School,Engineering,3,88820,4289,1262
Software Engineer,Male,19,5,PhD,Administration,3,88814,10153,1265
Driver,Female,62,4,PhD,Engineering,1,88781,6413,1038
IT,Male,33,3,College,Management,3,88749,7433,648
Financial Analyst,Male,40,3,PhD,Sales,3,88725,6243,788
Software Engineer,Male,31,5,PhD,Sales,2,88724,8949,534
Graphic Designer,Male,46,4,High School,Administration,4,88571,7464,751
Graphic Designer,Male,35,5,PhD,Management,3,88566,9469,10
Software Engineer,Male,18,3,Masters,Engineering,2,88482,7385,303
Financial Analyst,Female,23,5,PhD,Administration,5,88422,10768,1048
Marketing Associate,Female,42,2,College,Administration,5,88365,4668,400
Driver,Male,40,3,High School,Sales,2,88230,5512,450
Driver,Male,36,4,PhD,Operations,3,88213,8581,871
Sales Associate,Male,56,1,High School,Management,1,88195,2375,20
Driver,Female,36,1,Masters,Administration,3,88175,5004,745
IT,Female,48,5,PhD,Operations,3,68152,8857,305
Financial Analyst,Female,29,4,Masters,Administration,4,88047,8459,691
Software Engineer,Female,22,4,Masters,Operations,3,88037,8949,630
Driver,Female,54,4,College,Management,2,87998,7028,1171
Software Engineer,Male,36,2,High School,Administration,4,87848,5166,78
Warehouse Associate,Female,51,5,High School,Management,3,87684,8645,780
Data Scientist,Male,40,2,Masters,Management,2,87682,4152,358
Financial Analyst,Female,27,4,High School,Administration,4,87608,7511,418
Sales Associate,Female,32,2,PhD,Administration,2,87585,6476,82
Warehouse Associate,Female,47,2,College,Administration,2,87575,4422,692
Marketing Associate,Female,27,4,High School,Sales,4,87435,9230,542
Sales Associate,Female,33,2,College,Engineering,4,87418,6430,310
Financial Analyst,Male,39,4,PhD,Management,3,87409,7168,706
Software Engineer,Male,33,5,PhD,Administration,2,87352,8435,400
Data Scientist,Female,64,2,High School,Sales,1,87314,3688,827
Data Scientist,Female,57,4,High School,Management,1,87150,6814,1225
Warehouse Associate,Male,46,3,High School,Operations,4,87134,6184,641
Sales Associate,Female,35,2,College,Management,4,87131,6356,771
Data Scientist,Male,32,5,PhD,Management,3,87121,8703,764
Marketing Associate,Male,21,5,College,Management,5,86886,9424,981
Sales Associate,Female,58,1,College,Operations,3,86795,3453,831
Graphic Designer,Male,34,5,Masters,Management,3,86766,9841,646
Software Engineer,Female,41,4,PhD,Sales,1,86675,7947,648
Data Scientist,Male,58,5,High School,Operations,1,86651,7250,292
Software Engineer,Male,29,1,High School,Sales,1,86650,3518,137
Marketing Associate,Female,48,1,College,Operations,5,86563,4415,262
Marketing Associate,Female,48,2,High School,Administration,4,86538,4212,1224
Marketing Associate,Male,47,5,Masters,Operations,3,86516,8049,278
Warehouse Associate,Female,57,5,PhD,Administration,2,86423,8058,832
Software Engineer,Male,36,1,Masters,Operations,1,86375,3368,692
Marketing Associate,Female,46,3,College,Management,3,86241,5814,567
Warehouse Associate,Female,30,5,Masters,Administration,5,86220,9583,677
Driver,Female,50,3,High School,Engineering,2,86122,6295,1314
Marketing Associate,Female,37,4,PhD,Administration,3,86036,7567,1279
Sales Associate,Male,28,3,College,Management,3,85986,8160,163
Sales Associate,Male,63,5,High School,Sales,1,85948,7646,1026
Financial Analyst,Male,45,2,High School,Administration,2,85947,3909,482
Sales Associate,Male,23,3,High School,Engineering,3,85928,7229,813
Graphic Designer,Male,62,5,Masters,Sales,1,85702,6556,556
IT,Male,50,1,College,Operations,3,85648,2728,1302
Warehouse Associate,Female,55,2,PhD,Administration,3,85453,5135,1253
Sales Associate,Female,21,2,College,Operations,5,85398,7113,605
Warehouse Associate,Male,18,2,College,Administration,5,85306,7735,719
Marketing Associate,Female,64,1,PhD,Administration,2,85253,2777,509
Warehouse Associate,Male,24,5,PhD,Sales,3,85205,9792,1099
Data Scientist,Male,18,5,High School,Operations,2,85189,9405,490
Marketing Associate,Female,45,3,College,Engineering,4,85161,6682,1017
Sales Associate,Female,47,3,College,Engineering,2,84935,6122,716
Warehouse Associate,Male,45,4,High School,Operations,2,84930,6914,207
IT,Male,33,2,Masters,Sales,1,84878,5009,546
Sales Associate,Female,35,4,PhD,Sales,1,84844,7205,585
Graphic Designer,Male,50,3,Masters,Management,1,84803,5406,690
Data Scientist,Female,53,2,Masters,Engineering,2,84764,4409,55
Financial Analyst,Male,29,1,Masters,Operations,2,84725,3274,580
Financial Analyst,Male,55,3,College,Operations,1,84683,4476,964
IT,Female,33,5,College,Management,4,84638,9409,235
Financial Analyst,Male,38,3,Masters,Administration,1,84628,5680,161
Sales Associate,Male,40,2,High School,Administration,3,84592,4635,506
Sales Associate,Female,52,5,Masters,Engineering,2,84132,7204,24
Financial Analyst,Female,32,1,High School,Administration,4,84047,4683,1253
Data Scientist,Female,29,4,High School,Engineering,3,84021,9111,128
Financial Analyst,Female,19,5,College,Sales,3,84007,8990,1215
Data Scientist,Male,23,3,High School,Sales,3,83894,6922,1055
Warehouse Associate,Male,38,3,College,Management,3,83774,7127,13
Graphic Designer,Male,33,5,Masters,Management,3,83758,8498,900
Data Scientist,Male,44,3,High School,Sales,1,83674,4854,909
Financial Analyst,Male,30,5,Masters,Sales,1,83620,7864,1278
IT,Female,42,5,College,Operations,2,83499,8950,1289
Driver,Male,44,4,High School,Administration,4,83333,7113,995
Financial Analyst,Male,24,5,PhD,Sales,3,83323,9329,83
Sales Associate,Female,61,2,High School,Sales,2,83308,3653,1025
Software Engineer,Male,30,2,College,Administration,4,83264,6251,1154
Manager,Male,27,3,High School,Operations,1,83262,6884,1130
Sales Associate,Female,46,2,Masters,Management,2,83095,5284,1209
Sales Associate,Female,33,5,High School,Engineering,3,83034,8841,1254
Graphic Designer,Male,23,5,Masters,Management,3,83031,10240,1247
Warehouse Associate,Male,37,4,High School,Management,3,83025,8105,782
Data Scientist,Male,28,3,Masters,Sales,3,82850,5794,851
Driver,Male,31,5,College,Management,4,82832,9958,350
Financial Analyst,Male,31,2,PhD,Administration,3,82790,5826,1293
Marketing Associate,Female,36,3,PhD,Sales,3,82755,7325,1159
Software Engineer,Male,29,5,High School,Management,1,82534,8914,1295
Warehouse Associate,Female,41,5,College,Operations,2,82453,9564,927
Data Scientist,Female,34,3,PhD,Administration,1,82345,7211,632
Warehouse Associate,Male,37,2,Masters,Administration,1,82343,5232,970
Marketing Associate,Female,24,3,Masters,Operations,5,82338,7414,1198
Software Engineer,Male,49,3,Masters,Administration,1,82277,5460,666
Warehouse Associate,Male,38,3,High School,Administration,2,82244,6020,680
Sales Associate,Male,56,1,High School,Operations,1,82164,2611,190
IT,Male,47,5,PhD,Operations,1,82126,6971,1178
Graphic Designer,Male,43,2,PhD,Management,2,82057,5268,739
Marketing Associate,Female,50,5,PhD,Administration,1,81995,7840,1103
Warehouse Associate,Male,23,2,College,Management,4,81988,7160,830
Sales Associate,Female,44,2,High School,Engineering,3,81866,5183,835
Graphic Designer,Female,31,4,College,Engineering,2,81826,8375,462
Marketing Associate,Female,56,2,High School,Sales,3,81661,4965,936
Software Engineer,Male,37,1,High School,Sales,1,81547,3510,822
Graphic Designer,Female,63,1,College,Administration,2,81545,3418,18
Software Engineer,Male,45,2,High School,Management,1,81515,5001,1255
Software Engineer,Male,22,5,Masters,Management,3,81503,9729,314
IT,Female,26,2,College,Sales,3,81325,5647,616
Driver,Male,24,2,College,Engineering,3,81301,5713,1220
Marketing Associate,Female,33,1,High School,Management,5,81249,4845,1147
Software Engineer,Male,25,1,High School,Administration,4,81057,5259,704
IT,Female,30,4,Masters,Engineering,2,80981,8201,417
Data Scientist,Male,38,5,High School,Sales,2,80937,8335,175
Marketing Associate,Female,65,1,Masters,Administration,1,80789,1884,573
Graphic Designer,Female,43,1,PhD,Engineering,1,80635,4322,665
Data Scientist,Male,26,4,High School,Management,3,80494,8449,621
Software Engineer,Male,18,5,College,Operations,3,80355,9945,458
Marketing Associate,Female,26,5,PhD,Operations,4,80306,9233,738
Manager,Male,31,2,College,Operations,1,80259,4791,774
Warehouse Associate,Female,25,3,Masters,Engineering,4,80192,8747,1310
Data Scientist,Male,19,2,PhD,Management,5,80171,6454,709
Sales Associate,Male,18,4,High School,Management,4,80135,9007,1020
Financial Analyst,Female,24,1,High School,Management,4,80030,5481,393
Data Scientist,Female,48,2,College,Administration,3,79765,5329,269
Marketing Associate,Female,34,3,High School,Sales,5,79707,7196,250
Marketing Associate,Female,57,4,College,Operations,3,79674,6993,1112
IT,Male,59,5,PhD,Operations,1,79544,6760,149
Software Engineer,Male,23,1,PhD,Management,2,79462,4673,385
Warehouse Associate,Female,44,3,High School,Administration,1,79334,6505,778
Driver,Female,19,2,College,Sales,2,79291,50000,987
Warehouse Associate,Male,56,3,Masters,Administration,2,79274,4618,1042
Marketing Associate,Female,51,2,High School,Management,2,79237,4453,919
Software Engineer,Male,24,4,Masters,Management,1,79208,8602,559
Software Engineer,Female,36,1,PhD,Management,1,79177,3661,570
Graphic Designer,Male,55,5,Masters,Engineering,1,79144,8328,923
Financial Analyst,Male,31,3,PhD,Engineering,1,79142,5445,132
IT,Male,19,5,College,Administration,4,78986,9023,794
Data Scientist,Female,33,2,High School,Operations,4,78910,5927,125
Data Scientist,Male,37,1,PhD,Administration,2,78836,3588,848
Driver,Female,52,4,High School,Operations,1,78751,6258,474
Driver,Female,52,4,College,Administration,2,78750,6666,1145
Sales Associate,Male,26,2,High School,Sales,2,78625,4073,938
Data Scientist,Female,32,4,College,Management,4,78623,9012,428
Financial Analyst,Male,20,3,PhD,Operations,3,78564,7875,723
Driver,Male,30,4,Masters,Operations,1,78472,8439,921
Graphic Designer,Female,18,4,PhD,Operations,3,78462,8743,761
Financial Analyst,Male,32,4,Masters,Sales,3,78132,8035,1083
IT,Male,19,4,College,Engineering,3,78113,9335,869
Financial Analyst,Female,23,1,High School,Management,4,78084,5598,702
Warehouse Associate,Female,19,2,Masters,Administration,2,78021,6970,258
Driver,Female,47,2,Masters,Operations,2,78002,5175,1252
IT,Male,40,3,College,Administration,3,77881,5569,1152
Data Scientist,Male,41,1,College,Operations,5,77839,4458,968
Marketing Associate,Male,26,4,High School,Engineering,5,77793,8700,1214
Warehouse Associate,Male,39,4,PhD,Operations,3,77793,8093,660
Driver,Female,38,3,Masters,Management,2,77751,6554,1269
Marketing Associate,Female,62,3,Masters,Engineering,2,77742,5430,656
Warehouse Associate,Male,33,3,College,Administration,1,77655,6581,775
Warehouse Associate,Female,39,5,College,Engineering,2,77584,9798,513
Marketing Associate,Female,62,4,College,Sales,1,77584,4524,38
Software Engineer,Male,26,4,College,Administration,2,77309,7957,1108
Sales Associate,Female,31,3,High School,Operations,3,77275,7089,416
Marketing Associate,Female,36,3,Masters,Sales,3,77223,5272,735
Driver,Female,21,4,Masters,Sales,4,77032,8725,426
Financial Analyst,Female,20,1,College,Management,2,76908,4756,351
Warehouse Associate,Female,22,3,College,Sales,4,76865,8145,372
Marketing Associate,Female,49,4,Masters,Sales,3,76806,6662,531
Financial Analyst,Female,39,5,College,Operations,1,76773,7278,1287
Marketing Associate,Female,38,1,PhD,Engineering,2,76726,4204,1031
Driver,Female,45,3,PhD,Management,3,76700,7242,279
Software Engineer,Male,30,2,College,Administration,5,76654,6696,266
Data Scientist,Female,36,3,High School,Operations,3,76523,7122,1313
Sales Associate,Female,24,2,Masters,Management,3,76522,6900,112
Warehouse Associate,Male,46,5,PhD,Sales,1,76517,8502,703
Marketing Associate,Female,20,5,Masters,Administration,4,76286,9479,259
Graphic Designer,Female,50,3,Masters,Administration,1,76103,5173,728
IT,Female,38,4,High School,Sales,2,75932,7003,1242
Driver,Female,19,1,High School,Operations,4,75919,5613,609
Driver,Female,39,4,PhD,Operations,2,75901,7402,1129
Graphic Designer,Male,55,4,College,Sales,2,75833,6942,1214
IT,Female,49,4,College,Engineering,1,75811,5520,410
IT,Female,36,3,PhD,Management,3,75518,6711,918
Graphic Designer,Male,18,4,High School,Sales,4,75506,9289,1067
Financial Analyst,Male,45,4,High School,Operations,2,75397,6490,620
Graphic Designer,Female,34,1,PhD,Operations,3,75316,5861,19
Marketing Associate,Female,18,2,Masters,Management,5,75294,6496,837
Sales Associate,Male,19,1,PhD,Management,3,75238,5308,762
Data Scientist,Male,31,3,College,Operations,1,75227,6027,613
Graphic Designer,Female,45,1,High School,Management,3,75017,5576,422
Warehouse Associate,Female,36,4,College,Management,3,74938,8234,83
Warehouse Associate,Male,35,1,High School,Administration,2,74829,4263,961
Data Scientist,Female,22,5,High School,Engineering,3,74523,9972,756
Software Engineer,Male,29,4,High School,Engineering,1,74316,8761,380
Marketing Associate,Female,45,3,Masters,Sales,3,74305,7126,793
Graphic Designer,Female,26,5,PhD,Sales,3,74167,10346,575
IT,Male,20,4,PhD,Engineering,2,74073,8509,160
Marketing Associate,Female,41,4,College,Sales,3,73989,8780,219
Driver,Female,41,5,Masters,Administration,1,73801,8317,1177
Data Scientist,Female,33,3,College,Sales,1,73798,6224,289
Marketing Associate,Female,28,1,Masters,Engineering,5,73685,4439,1009
Marketing Associate,Female,32,2,College,Sales,3,73404,5038,372
Marketing Associate,Female,27,5,PhD,Management,3,73357,10334,1082
Data Scientist,Female,29,3,High School,Management,4,73306,7765,224
Graphic Designer,Male,29,1,Masters,Operations,3,73142,4712,341
Warehouse Associate,Male,26,3,High School,Sales,3,72945,7279,1033
Driver,Female,51,5,College,Operations,1,72827,7285,388
Driver,Male,49,5,Masters,Operations,2,72754,8014,1204
IT,Female,29,4,Masters,Management,3,72542,8109,302
Data Scientist,Male,30,2,College,Operations,3,72497,6452,838
Graphic Designer,Male,22,2,High School,Sales,3,72422,5697,543
Graphic Designer,Male,21,3,Masters,Engineering,4,72301,8391,454
Graphic Designer,Female,44,1,Masters,Administration,2,72248,3634,815
Sales Associate,Female,51,5,Masters,Management,1,72120,9084,1150
Driver,Female,35,5,College,Management,1,72038,9031,225
Marketing Associate,Female,55,4,High School,Administration,2,72030,5569,238
Data Scientist,Female,33,3,High School,Administration,3,71946,6386,1158
Financial Analyst,Male,36,5,Masters,Operations,1,71858,7475,960
Driver,Female,18,2,Masters,Sales,4,71824,6397,789
Marketing Associate,Female,55,4,Masters,Operations,1,71794,6685,68
Marketing Associate,Female,38,2,High School,Management,5,71772,5764,743
Financial Analyst,Male,24,2,PhD,Engineering,3,71590,5845,539
Warehouse Associate,Male,24,1,College,Engineering,3,71371,5220,1106
Software Engineer,Male,32,2,College,Operations,1,71278,4701,385
Data Scientist,Female,49,5,College,Operations,3,71193,8331,622
Graphic Designer,Female,26,5,College,Engineering,2,71182,10015,1245
Data Scientist,Female,24,4,College,Administration,4,71105,8623,44
IT,Female,20,5,PhD,Operations,4,70890,10126,261
IT,Female,45,4,College,Operations,2,70846,7404,625
Data Scientist,Female,21,5,PhD,Operations,3,70643,10033,984
Sales Associate,Male,22,1,High School,Sales,4,70595,5234,761
Graphic Designer,Male,30,2,Masters,Management,4,70559,6497,367
Marketing Associate,Female,50,5,High School,Operations,1,70374,7466,53
Graphic Designer,Male,29,3,PhD,Operations,2,70311,6235,459
IT,Female,42,3,High School,Engineering,2,70157,6016,659
Driver,Male,37,4,College,Engineering,3,70088,8244,151
Marketing Associate,Female,55,2,College,Sales,2,69928,4811,641
Financial Analyst,Male,33,5,Masters,Operations,1,69878,8389,1025
IT,Male,18,4,Masters,Administration,4,69855,8347,65
Graphic Designer,Male,22,2,High School,Sales,3,69734,5383,1006
Graphic Designer,Male,31,5,PhD,Engineering,1,69462,8872,529
Driver,Male,32,3,Masters,Engineering,2,69367,6378,712
Financial Analyst,Male,22,3,PhD,Administration,2,69320,6765,750
Marketing Associate,Female,46,4,PhD,Sales,2,69268,7106,755
Marketing Associate,Female,20,4,College,Sales,4,69254,8609,164
Driver,Male,40,5,College,Engineering,2,68797,7817,1229
Financial Analyst,Male,47,2,High School,Management,1,68643,4674,845
Warehouse Associate,Male,48,5,PhD,Management,2,68639,9553,128
Software Engineer,Male,26,5,PhD,Operations,2,68466,8384,789
Driver,Male,57,5,College,Management,1,68403,6893,264
Warehouse Associate,Male,25,3,College,Administration,1,68384,7443,1293
Marketing Associate,Female,44,2,PhD,Management,2,68364,4076,1011
Warehouse Associate,Female,22,2,Masters,Sales,2,68300,5953,141
Software Engineer,Male,40,5,College,Management,1,68295,7902,144
Driver,Male,20,2,High School,Sales,2,68175,5698,568
Data Scientist,Male,28,3,High School,Management,2,68049,6660,603
Software Engineer,Male,22,1,College,Sales,1,67913,4045,414
Financial Analyst,Female,35,4,Masters,Management,2,67762,7449,87
Financial Analyst,Male,24,4,Masters,Administration,1,67749,8517,216
Data Scientist,Male,29,5,High School,Administration,1,67617,9075,179
Graphic Designer,Female,20,5,College,Sales,4,67585,10541,701
Marketing Associate,Female,27,4,High School,Administration,5,67530,9311,1077
IT,Male,43,3,College,Management,1,67323,4680,430
Sales Associate,Male,45,2,High School,Engineering,1,67296,4780,70
Driver,Female,34,2,High School,Management,3,67210,5662,354
Driver,Female,45,1,College,Sales,2,67150,3255,1020
Financial Analyst,Female,49,1,PhD,Engineering,1,67089,3078,486
Data Scientist,Male,41,4,PhD,Administration,1,67040,7412,1250
Financial Analyst,Female,18,2,High School,Operations,2,66935,6508,1189
Sales Associate,Female,24,1,High School,Administration,2,66887,5014,1199
Graphic Designer,Male,44,3,PhD,Sales,1,66611,5924,908
Graphic Designer,Female,52,5,College,Administration,1,66529,7067,999
Marketing Associate,Female,53,5,College,Administration,1,66438,6935,238
Warehouse Associate,Male,31,4,High School,Engineering,2,66407,7522,1299
Sales Associate,Female,27,2,College,Operations,2,66377,5803,713
Software Engineer,Male,20,5,Masters,Management,2,66359,10137,72
Driver,Female,20,1,College,Management,3,66203,5627,675
Sales Associate,Male,24,5,High School,Administration,1,66168,9242,403
Graphic Designer,Female,27,4,PhD,Sales,1,66125,8465,1138
Software Engineer,Male,27,4,Masters,Engineering,1,66084,7769,827
Marketing Associate,Female,53,1,Masters,Operations,1,66028,3745,540
Data Scientist,Male,29,4,High School,Engineering,3,65907,7668,177
Data Scientist,Female,21,1,PhD,Engineering,2,65816,6817,1190
Financial Analyst,Female,36,3,College,Engineering,2,65750,6177,300
Software Engineer,Female,27,4,High School,Operations,1,65711,7789,149
Marketing Associate,Male,25,3,College,Operations,4,65547,6530,840
Software Engineer,Male,21,1,High School,Engineering,2,65313,4685,398
IT,Male,36,3,Masters,Engineering,2,65225,6462,358
Financial Analyst,Male,20,4,High School,Operations,2,65164,7827,741
Driver,Female,37,5,Masters,Administration,2,65012,8357,532
Warehouse Associate,Male,25,1,College,Operations,1,64994,4310,1200
IT,Male,28,4,High School,Operations,3,64958,7910,322
Sales Associate,Female,18,1,Masters,Engineering,1,64920,4967,1164
Financial Analyst,Male,47,5,College,Administration,2,64852,8023,474
Warehouse Associate,Female,19,4,College,Sales,2,64844,9042,741
IT,Female,57,2,High School,Administration,1,64807,3887,445
Sales Associate,Female,29,3,High School,Management,3,64754,7377,199
Warehouse Associate,Female,24,3,High School,Management,1,64624,8253,1027
IT,Male,23,4,PhD,Administration,1,64468,8113,191
Driver,Female,28,4,High School,Management,1,64008,7185,1035
Warehouse Associate,Male,19,2,High School,Sales,2,63928,4998,210
Graphic Designer,Female,33,1,High School,Sales,1,63914,3521,577
Marketing Associate,Female,26,4,College,Management,3,63695,8897,650
Marketing Associate,Female,55,3,High School,Administration,1,63327,4066,797
Financial Analyst,Female,47,1,College,Operations,2,63300,3655,157
Marketing Associate,Female,26,2,College,Operations,1,62866,5114,538
Driver,Female,18,5,College,Management,3,62759,10124,991
Data Scientist,Male,23,3,Masters,Administration,1,62753,7242,463
Driver,Male,31,2,High School,Administration,4,62753,5735,76
Marketing Associate,Female,59,1,College,Engineering,1,62738,2656,1157
Driver,Female,31,5,High School,Engineering,2,62692,8886,25
Marketing Associate,Female,61,1,High School,Administration,1,62644,3270,952
Marketing Associate,Male,51,2,,Sales,1,62600,4300,758
Financial Analyst,Female,20,3,High School,Operations,3,62377,6999,1140
Warehouse Associate,Female,28,4,Masters,Operations,1,62260,7740,272
Warehouse Associate,Male,48,5,College,Sales,1,62097,7075,1259
Marketing Associate,Female,23,3,PhD,Administration,3,62054,6955,1289
Marketing Associate,Female,40,5,Masters,Administration,3,62040,8056,544
Financial Analyst,Male,39,2,College,Sales,1,61609,3738,765
Data Scientist,Male,20,1,High School,Operations,2,61589,3990,1143
Software Engineer,Male,26,3,High School,Sales,2,61527,6345,548
Sales Associate,Male,29,3,Masters,Management,2,61164,6346,268
IT,Female,48,3,High School,Management,1,61081,6337,579
Driver,Male,21,1,High School,Sales,2,61018,5513,985
Graphic Designer,Male,19,4,Masters,Sales,1,61000,8872,606
Sales Associate,Female,41,2,College,Sales,1,60983,5022,330
Financial Analyst,Male,19,4,Masters,Operations,2,60892,8462,392
Data Scientist,Male,24,4,Masters,Sales,2,60736,7873,817
Marketing Associate,Female,58,2,High School,Operations,1,60271,3927,469
Marketing Associate,Female,20,3,PhD,Sales,5,60070,8273,1032
Driver,Female,22,1,High School,Administration,1,60026,4605,450
Driver,Male,33,1,High School,Management,1,59493,3955,7
Data Scientist,Female,29,4,College,Operations,1,59458,7939,940
Graphic Designer,Male,24,3,College,Engineering,2,59399,6692,855
IT,Female,32,2,High School,Engineering,1,59377,5236,252
Sales Associate,Male,18,1,Masters,Administration,3,59334,5729,1037
Marketing Associate,Female,23,4,Masters,Engineering,4,59251,8596,715
Data Scientist,Male,18,5,PhD,Administration,4,59212,10209,553
Warehouse Associate,Male,28,5,High School,Engineering,2,59044,9368,161
Marketing Associate,Female,45,2,High School,Management,2,59006,5876,560
Marketing Associate,Female,35,4,Masters,Sales,2,58807,7316,323
Warehouse Associate,Male,22,5,Masters,Engineering,2,58219,9868,1233
Warehouse Associate,Male,25,2,Masters,Engineering,1,58130,6327,523
Data Scientist,Male,19,5,High School,Operations,2,58054,9585,1151
Data Scientist,Male,27,2,College,Engineering,1,57915,4584,1110
Sales Associate,Male,22,5,High School,Administration,1,57783,9306,1053
Marketing Associate,Female,24,3,,Operations,4,57782,7144,261
Marketing Associate,Female,26,2,High School,Operations,3,57672,6476,1140
IT,Male,27,1,High School,Management,3,57500,3665,957
Marketing Associate,Female,44,5,High School,Sales,1,57469,7539,207
Graphic Designer,Male,22,4,Masters,Sales,2,57398,7827,1260
Driver,Female,31,3,Masters,Engineering,2,57070,6615,967
Graphic Designer,Female,22,3,College,Operations,2,56954,7550,1253
Sales Associate,Female,29,3,,Operations,2,56745,6495,1104
IT,Female,37,3,High School,Sales,2,56656,5914,340
Driver,Male,18,3,PhD,Operations,3,56318,8407,1313
IT,Male,18,4,PhD,Sales,1,56309,7559,546
Warehouse Associate,Female,34,4,High School,Sales,1,56172,7739,499
Data Scientist,Female,31,4,High School,Operations,2,55954,7999,743
Marketing Associate,Female,23,1,College,Sales,2,55885,3795,1163
Graphic Designer,Female,40,3,College,Operations,1,55845,6616,553
Graphic Designer,Female,20,1,Masters,Operations,4,55569,5236,197
IT,Female,27,1,Masters,Administration,2,55560,4449,569
Software Engineer,Male,18,1,High School,Sales,1,55555,4390,339
Marketing Associate,Female,46,1,College,Administration,1,44945,2991,850
Marketing Associate,Male,27,4,College,Management,1,54817,6519,836
IT,Female,34,5,College,Operations,1,54245,8245,566
IT,Female,26,5,College,Administration,2,53956,9454,842
Data Scientist,Male,33,2,High School,Engineering,2,53855,4980,444
Marketing Associate,Female,38,1,,Engineering,1,53839,3270,222
Marketing Associate,Male,33,3,PhD,Administration,2,53220,5153,516
Sales Associate,Female,31,5,College,Management,1,52633,9516,901
Marketing Associate,Female,31,1,High School,Sales,3,52578,5538,653
Sales Associate,Male,28,5,PhD,Administration,1,52290,9330,450
Driver,Male,24,2,College,Management,3,51906,6274,820
Sales Associate,Male,24,1,PhD,Operations,2,51837,4472,619
Marketing Associate,Female,34,5,Masters,Engineering,1,51331,9130,968
Financial Analyst,Female,33,2,PhD,Administration,1,50758,5386,944
Graphic Designer,Male,23,4,High School,Operations,1,50601,7351,436
Data Scientist,Male,22,4,High School,Management,2,50401,8590,452
IT,Female,28,1,High School,Management,1,50151,4296,513
Marketing Associate,Female,41,3,High School,Administration,2,39972,7058,146
Marketing Associate,Female,33,5,High School,Engineering,1,49830,8543,985
Marketing Associate,Female,34,4,College,Administration,1,49632,7169,740
IT,Male,20,2,PhD,Management,1,49622,5452,931
Sales Associate,Male,36,2,High School,Management,1,49553,5784,123
IT,Male,31,1,College,Operations,1,49449,149,371
Marketing Associate,Female,24,3,High School,Engineering,3,49303,6615,219
Warehouse Associate,Male,21,5,,Management,1,48755,9931,570
Financial Analyst,Female,26,3,College,Administration,2,48570,6604,1240
Marketing Associate,Female,23,1,High School,Sales,2,47739,4829,791
IT,Male,18,5,High School,Engineering,1,47036,9130,771
Marketing Associate,Female,33,5,High School,Operations,2,46903,8130,1076
Data Scientist,Female,32,5,PhD,Engineering,1,46693,8457,1071
Marketing Associate,Female,23,5,PhD,Administration,3,46263,9432,259
Warehouse Associate,Male,34,1,,Operations,1,45915,765,1120
IT,Female,18,2,Masters,Sales,1,45747,4890,1170
Marketing Associate,Female,27,5,High School,Management,1,44325,8867,897
Driver,Male,25,3,College,Engineering,1,43076,5829,983
Driver,Female,18,4,Masters,Administration,2,42722,8515,275
Graphic Designer,Female,18,5,College,Operations,2,42363,9938,1269
Graphic Designer,Female,18,2,College,Administration,1,41603,6092,423
Financial Analyst,Female,30,4,High School,Operations,2,40341,7320,1153
Graphic Designer,Male,22,5,,Administration,1,40187,8549,779
Data Scientist,Female,20,3,High School,Engineering,1,40056,7632,456
Marketing Associate,Female,25,1,High School,Sales,1,39741,4981,1228
Marketing Associate,Female,34,1,College,Engineering,2,38855,4503,1107
Marketing Associate,Female,20,2,College,Administration,2,38613,6079,218
Marketing Associate,Female,30,3,Masters,Administration,1,38451,5562,421
Sales Associate,Male,20,3,College,Operations,1,37898,6448,1297
IT,Female,22,4,Masters,Sales,1,37780,8443,340
Warehouse Associate,Female,19,4,High School,Operations,1,37026,8636,352
Graphic Designer,Male,30,1,College,Operations,2,36642,388,894
Marketing Associate,Female,26,1,High School,Management,1,36585,4373,84
Marketing Associate,Female,22,4,,Operations,1,36548,8090,632
Marketing Associate,Female,18,3,High School,Engineering,2,34208,6620,947
